Employee ID,Name,Department,Job Title,Location,Salary
E001,Richard Bowman,Operations,Coordinator,New Kathrynview,40123
E002,Mrs. Jacqueline Barron,HR,Specialist,Lake Ashleyport,79504
E003,Donna Doyle,Engineering,Coordinator,Port Helen,55584
E004,Henry Chapman,HR,Analyst,Port Jeffreyburgh,86137
E005,James Cantrell,Engineering,Manager,Millershire,91103
E006,Rebecca Carlson,Finance,Analyst,Heathertown,57799
E007,Marie Leonard,Operations,Coordinator,Thomasmouth,65042
E008,Marissa Burnett,Sales,Analyst,North Barbara,87788
E009,Robert Collins,Engineering,Coordinator,Zamorashire,47149
E010,Joseph Galloway,HR,Coordinator,East Colleen,46465
E011,Denise Gonzales,Operations,Specialist,Williamsmouth,61943
E012,Danielle Robinson,Finance,Executive,North Brianside,70502
E013,Holly Fuller,Operations,Manager,Port Nicholasburgh,88368
E014,Julia Mckinney,Engineering,Coordinator,Townsendhaven,60366
E015,Jessica Hall,Operations,Manager,West Aliciatown,104237
E016,William Morse,Finance,Analyst,New Timothy,79898
E017,Breanna Simpson,HR,Analyst,Hernandezburgh,72100
E018,Todd Conley,Finance,Executive,North Savannah,91424
E019,Adrienne Griffith,Marketing,Manager,South Gregory,85470
E020,Carrie Fox,Sales,Manager,Jacksonfurt,81117
E021,Laura Nguyen,Operations,Engineer,Hernandezshire,67034
E022,Daniel Rhodes,IT,Coordinator,East Gabriella,50195
E023,Claire White,HR,Coordinator,Nicholstown,48413
E024,Hannah White,Operations,Engineer,Port Christopher,89310
E025,Paul Chang,Marketing,Executive,West Jerryton,72843
E026,Courtney Hill,Marketing,Specialist,North Justinberg,72109
E027,Mary Wagner,Marketing,Specialist,Lorichester,64897
E028,Keith Smith,IT,Specialist,New David,46505
E029,Makayla Wagner,Operations,Analyst,Jasmineton,53790
E030,Travis Mora,Sales,Specialist,Port Joshuahaven,49703
E031,David Davis,Operations,Engineer,Jenniferchester,95095
E032,Beth Rogers,Finance,Specialist,Michellemouth,48892
E033,Mr. Kyle Smith,HR,Engineer,East Jamesstad,83867
E034,Kerri Jones,IT,Executive,Martinezmouth,79380
E035,Michele Lloyd,Finance,Engineer,Duaneshire,94861
E036,Melanie Andrews,HR,Engineer,Davidbury,96852
E037,Vincent Moore,Marketing,Coordinator,Calebfort,42986
E038,Sarah Travis,Operations,Manager,Jamesfurt,81241
E039,Brittany Blanchard,Finance,Coordinator,Lake Laurenburgh,44233
E040,Donald Hernandez,Finance,Executive,Maxhaven,73620
E041,Deborah Zamora,Finance,Engineer,Russellhaven,99798
E042,Charles Davis,Operations,Coordinator,West Dylan,61011
E043,Elizabeth Castaneda,Finance,Manager,Port Kellyville,115347
E044,Paul Collins,Operations,Engineer,East Brendafurt,80534
E045,Bradley Perez,Finance,Coordinator,New Emilyview,40087
E046,Jeremiah Davis,Sales,Analyst,North Christopherborough,61208
E047,Matthew Fernandez,Operations,Manager,South Patrick,103820
E048,Wendy Kelly,Marketing,Coordinator,East Elizabethmouth,67557
E049,Karen Smith,IT,Engineer,Krauseburgh,65871
E050,Rebecca Alvarado,Operations,Analyst,Mooneyview,69203
E051,Benjamin Baker,HR,Engineer,Jeannehaven,78785
E052,Tristan Williams,Operations,Engineer,South Edward,89152
E053,Gary Webster,HR,Manager,West Matthewton,103738
E054,Christopher Cameron,IT,Engineer,Richardsmouth,91490
E055,Molly Burke,Engineering,Analyst,South Timothyberg,75688
E056,Rebecca Torres,Engineering,Executive,North Carl,82328
E057,George Lambert,Sales,Analyst,New Debbieland,77515
E058,Patricia Perez,Finance,Executive,Lake Julieberg,70941
E059,Brandon Nixon,Sales,Engineer,West Gregoryside,94163
E060,Taylor Martin,IT,Executive,Kristenland,54269
E061,Jeffery Russell,Sales,Engineer,Elizabethmouth,86081
E062,Renee Bailey,Sales,Coordinator,Wademouth,68687
E063,Andrew Hicks,HR,Specialist,Lake Christopherchester,55161
E064,Stacey Barrett,Operations,Manager,Scottville,78061
E065,Ronald Ruiz,Engineering,Engineer,North Kevin,66358
E066,Randall Villanueva,Marketing,Engineer,Port Anthonymouth,60838
E067,Christopher Garcia,Operations,Manager,New Larryshire,76196
E068,Christine Smith,Sales,Engineer,Lauramouth,83990
E069,Sandra Baker,Marketing,Engineer,Christophermouth,85924
E070,Paul Oconnell,Engineering,Specialist,West Deborahmouth,69323
E071,Tanya Smith,Marketing,Analyst,Smithview,86742
E072,Kathleen Wilcox,Sales,Manager,Jacksonland,86011
E073,John Orozco,Engineering,Specialist,Lake Mollyhaven,47648
E074,Chad Simpson,Marketing,Engineer,Davisstad,84559
E075,Mark Ortiz,Engineering,Engineer,Irwintown,62084
E076,Justin Terry,Finance,Manager,West John,76279
E077,Lori Wallace,HR,Specialist,West Ray,66343
E078,Donna Welch,IT,Coordinator,North Juliemouth,69468
E079,Steve Ferrell,Operations,Manager,Pattonfort,70959
E080,Gary Fisher,Operations,Specialist,South Dianamouth,60487
E081,Bethany Hicks,Sales,Coordinator,Mccoyland,56608
E082,Aaron Porter,Engineering,Analyst,Lake Amyfort,83613
E083,Michael Fields,Engineering,Engineer,North Shawn,83674
E084,Janet Ball,HR,Manager,Port Suzanneland,82649
E085,Jillian Hardy,HR,Analyst,Jameston,88759
E086,Bill Suarez,Sales,Specialist,Lake Jason,48672
E087,Emily Benton,HR,Executive,Medinamouth,73444
E088,Randall Lindsey,Engineering,Executive,West Eric,83087
E089,Maria Miranda,IT,Executive,Samuelstad,56041
E090,Andrea Craig,IT,Specialist,Hartmanberg,71390
E091,Michael Roberts,Finance,Executive,South Samanthabury,71268
E092,Johnny Weiss,HR,Executive,Stephenchester,83722
E093,Andrew Ford,Engineering,Manager,Johnsonberg,88156
E094,Todd Howell,Engineering,Analyst,Port Jonathan,53281
E095,Christopher Nguyen,Marketing,Coordinator,Christopherland,61714
E096,Robert Nguyen,Operations,Analyst,South Brookeview,80191
E097,Susan Richardson,HR,Specialist,Lisaburgh,78192
E098,Amy Johnson,Finance,Manager,Thomasborough,73911
E099,Barbara Howard,Engineering,Engineer,Michaelside,98379
E100,Janice Mercer,HR,Specialist,Brianton,58647
